detector,filename,ground_truth,predicted_label,raw_probability,confidence,error_type
Haar Cascade,external_real_000.jpg,REAL,FAKE,0.7870647311210632,78.70647311210632,FALSE_POSITIVE (REAL->FAKE)
Haar Cascade,external_real_001.jpg,REAL,FAKE,0.6747458577156067,67.47458577156067,FALSE_POSITIVE (REAL->FAKE)
Haar Cascade,external_real_002.jpg,REAL,FAKE,0.7485995888710022,74.85995888710022,FALSE_POSITIVE (REAL->FAKE)
Haar Cascade,external_real_003.jpg,REAL,FAKE,0.726294755935669,72.6294755935669,FALSE_POSITIVE (REAL->FAKE)
Haar Cascade,external_real_004.jpg,REAL,FAKE,0.8935449123382568,89.35449123382568,FALSE_POSITIVE (REAL->FAKE)
Haar Cascade,external_real_005.jpg,REAL,FAKE,0.9548234939575195,95.48234939575195,FALSE_POSITIVE (REAL->FAKE)
Haar Cascade,external_real_006.jpg,REAL,FAKE,0.9012135863304138,90.12135863304138,FALSE_POSITIVE (REAL->FAKE)
Haar Cascade,external_real_007.jpg,REAL,FAKE,0.898128092288971,89.8128092288971,FALSE_POSITIVE (REAL->FAKE)
Haar Cascade,external_real_008.jpg,REAL,FAKE,0.7977770566940308,79.77770566940308,FALSE_POSITIVE (REAL->FAKE)
Haar Cascade,external_real_009.jpg,REAL,FAKE,0.8493356108665466,84.93356108665466,FALSE_POSITIVE (REAL->FAKE)
Haar Cascade,external_real_010.jpg,REAL,FAKE,0.9449983239173889,94.49983239173889,FALSE_POSITIVE (REAL->FAKE)
Haar Cascade,external_real_011.jpg,REAL,FAKE,0.749805748462677,74.9805748462677,FALSE_POSITIVE (REAL->FAKE)
Haar Cascade,external_real_012.jpg,REAL,FAKE,0.7822325825691223,78.22325825691223,FALSE_POSITIVE (REAL->FAKE)
Haar Cascade,external_real_013.jpg,REAL,FAKE,0.6530727744102478,65.30727744102478,FALSE_POSITIVE (REAL->FAKE)
Haar Cascade,external_real_014.jpg,REAL,FAKE,0.9121981859207153,91.21981859207153,FALSE_POSITIVE (REAL->FAKE)
Haar Cascade,external_real_015.jpg,REAL,UNSUPPORTED (NO FACE),,,DETECTION_MISS
Haar Cascade,external_real_016.jpg,REAL,FAKE,0.7977098226547241,79.77098226547241,FALSE_POSITIVE (REAL->FAKE)
Haar Cascade,external_real_017.jpg,REAL,UNSUPPORTED (NO FACE),,,DETECTION_MISS
Haar Cascade,external_real_018.jpg,REAL,UNSUPPORTED (NO FACE),,,DETECTION_MISS
Haar Cascade,external_real_020.jpg,REAL,FAKE,0.966087281703949,96.6087281703949,FALSE_POSITIVE (REAL->FAKE)
Haar Cascade,external_real_021.jpg,REAL,FAKE,0.9358006119728088,93.58006119728088,FALSE_POSITIVE (REAL->FAKE)
Haar Cascade,external_real_022.jpg,REAL,FAKE,0.9210024476051331,92.1002447605133,FALSE_POSITIVE (REAL->FAKE)
Haar Cascade,external_real_023.jpg,REAL,FAKE,0.9818210005760193,98.18210005760193,FALSE_POSITIVE (REAL->FAKE)
Haar Cascade,external_real_024.jpg,REAL,FAKE,0.9200915694236755,92.00915694236755,FALSE_POSITIVE (REAL->FAKE)
Haar Cascade,external_real_025.jpg,REAL,UNSUPPORTED (NO FACE),,,DETECTION_MISS
Haar Cascade,external_real_027.jpg,REAL,UNSUPPORTED (NO FACE),,,DETECTION_MISS
Haar Cascade,external_real_028.jpg,REAL,FAKE,0.9155462980270386,91.55462980270386,FALSE_POSITIVE (REAL->FAKE)
Haar Cascade,external_real_030.jpg,REAL,FAKE,0.724044919013977,72.4044919013977,FALSE_POSITIVE (REAL->FAKE)
Haar Cascade,external_real_031.jpg,REAL,FAKE,0.8659369349479675,86.59369349479675,FALSE_POSITIVE (REAL->FAKE)
Haar Cascade,external_real_032.jpg,REAL,FAKE,0.8361893892288208,83.61893892288208,FALSE_POSITIVE (REAL->FAKE)
Haar Cascade,external_real_033.jpg,REAL,FAKE,0.7830005884170532,78.30005884170532,FALSE_POSITIVE (REAL->FAKE)
Haar Cascade,external_real_034.jpg,REAL,FAKE,0.8765460848808289,87.65460848808289,FALSE_POSITIVE (REAL->FAKE)
Haar Cascade,external_real_035.jpg,REAL,FAKE,0.8161013722419739,81.61013722419739,FALSE_POSITIVE (REAL->FAKE)
Haar Cascade,external_real_036.jpg,REAL,FAKE,0.6520431041717529,65.2043104171753,FALSE_POSITIVE (REAL->FAKE)
Haar Cascade,external_real_037.jpg,REAL,FAKE,0.8329218626022339,83.29218626022339,FALSE_POSITIVE (REAL->FAKE)
Haar Cascade,external_real_038.jpg,REAL,FAKE,0.7780633568763733,77.80633568763733,FALSE_POSITIVE (REAL->FAKE)
Haar Cascade,external_real_039.jpg,REAL,FAKE,0.9241381883621216,92.41381883621216,FALSE_POSITIVE (REAL->FAKE)
Haar Cascade,external_real_040.jpg,REAL,FAKE,0.8361156582832336,83.61156582832336,FALSE_POSITIVE (REAL->FAKE)
Haar Cascade,external_real_041.jpg,REAL,FAKE,0.7636106014251709,76.36106014251709,FALSE_POSITIVE (REAL->FAKE)
Haar Cascade,external_real_042.jpg,REAL,FAKE,0.8510506749153137,85.10506749153137,FALSE_POSITIVE (REAL->FAKE)
Haar Cascade,external_real_043.jpg,REAL,FAKE,0.8836857080459595,88.36857080459595,FALSE_POSITIVE (REAL->FAKE)
Haar Cascade,external_real_044.jpg,REAL,FAKE,0.8332111835479736,83.32111835479736,FALSE_POSITIVE (REAL->FAKE)
Haar Cascade,external_real_045.jpg,REAL,FAKE,0.7628388404846191,76.28388404846191,FALSE_POSITIVE (REAL->FAKE)
Haar Cascade,external_real_046.jpg,REAL,FAKE,0.93277508020401,93.277508020401,FALSE_POSITIVE (REAL->FAKE)
Haar Cascade,external_real_047.jpg,REAL,FAKE,0.9719266891479492,97.19266891479492,FALSE_POSITIVE (REAL->FAKE)
Haar Cascade,external_real_048.jpg,REAL,FAKE,0.953270673751831,95.3270673751831,FALSE_POSITIVE (REAL->FAKE)
Haar Cascade,external_real_049.jpg,REAL,FAKE,0.9341468214988708,93.41468214988708,FALSE_POSITIVE (REAL->FAKE)
Haar Cascade,external_real_050.jpg,REAL,FAKE,0.85397869348526,85.397869348526,FALSE_POSITIVE (REAL->FAKE)
Haar Cascade,external_real_051.jpg,REAL,FAKE,0.8405444025993347,84.05444025993347,FALSE_POSITIVE (REAL->FAKE)
Haar Cascade,external_real_052.jpg,REAL,FAKE,0.6844105124473572,68.44105124473572,FALSE_POSITIVE (REAL->FAKE)
Haar Cascade,external_real_053.jpg,REAL,FAKE,0.5928574800491333,59.28574800491333,FALSE_POSITIVE (REAL->FAKE)
Haar Cascade,external_real_054.jpg,REAL,FAKE,0.7372280359268188,73.72280359268188,FALSE_POSITIVE (REAL->FAKE)
Haar Cascade,external_real_055.jpg,REAL,FAKE,0.7385542988777161,73.8554298877716,FALSE_POSITIVE (REAL->FAKE)
Haar Cascade,external_real_056.jpg,REAL,FAKE,0.9426138997077942,94.26138997077942,FALSE_POSITIVE (REAL->FAKE)
Haar Cascade,external_real_057.jpg,REAL,FAKE,0.917491614818573,91.7491614818573,FALSE_POSITIVE (REAL->FAKE)
Haar Cascade,external_real_058.jpg,REAL,FAKE,0.829733669757843,82.9733669757843,FALSE_POSITIVE (REAL->FAKE)
Haar Cascade,external_real_059.jpg,REAL,FAKE,0.8739030957221985,87.39030957221985,FALSE_POSITIVE (REAL->FAKE)
Haar Cascade,external_real_060.jpg,REAL,FAKE,0.8831315636634827,88.31315636634827,FALSE_POSITIVE (REAL->FAKE)
Haar Cascade,external_real_061.jpg,REAL,UNSUPPORTED (NO FACE),,,DETECTION_MISS
Haar Cascade,external_real_062.jpg,REAL,FAKE,0.9426410794258118,94.26410794258118,FALSE_POSITIVE (REAL->FAKE)
Haar Cascade,external_real_063.jpg,REAL,FAKE,0.8892621994018555,88.92621994018555,FALSE_POSITIVE (REAL->FAKE)
Haar Cascade,external_real_064.jpg,REAL,FAKE,0.9470052123069763,94.70052123069763,FALSE_POSITIVE (REAL->FAKE)
Haar Cascade,external_real_065.jpg,REAL,FAKE,0.8339828848838806,83.39828848838806,FALSE_POSITIVE (REAL->FAKE)
Haar Cascade,external_real_066.jpg,REAL,FAKE,0.7979553937911987,79.79553937911987,FALSE_POSITIVE (REAL->FAKE)
Haar Cascade,external_real_067.jpg,REAL,FAKE,0.8246156573295593,82.46156573295593,FALSE_POSITIVE (REAL->FAKE)
Haar Cascade,external_real_068.jpg,REAL,FAKE,0.8759476542472839,87.5947654247284,FALSE_POSITIVE (REAL->FAKE)
Haar Cascade,external_real_069.jpg,REAL,FAKE,0.7065050005912781,70.65050005912781,FALSE_POSITIVE (REAL->FAKE)
Haar Cascade,external_real_075.jpg,REAL,UNSUPPORTED (NO FACE),,,DETECTION_MISS
Haar Cascade,external_real_076.jpg,REAL,UNSUPPORTED (NO FACE),,,DETECTION_MISS
Haar Cascade,external_real_077.jpg,REAL,FAKE,0.8156192898750305,81.56192898750305,FALSE_POSITIVE (REAL->FAKE)
Haar Cascade,external_real_078.jpg,REAL,UNSUPPORTED (NO FACE),,,DETECTION_MISS
Haar Cascade,external_real_079.jpg,REAL,UNSUPPORTED (NO FACE),,,DETECTION_MISS
Haar Cascade,external_real_080.jpg,REAL,FAKE,0.837954580783844,83.7954580783844,FALSE_POSITIVE (REAL->FAKE)
Haar Cascade,external_real_081.jpg,REAL,FAKE,0.7814062237739563,78.14062237739563,FALSE_POSITIVE (REAL->FAKE)
Haar Cascade,external_real_082.jpg,REAL,FAKE,0.6425562500953674,64.25562500953674,FALSE_POSITIVE (REAL->FAKE)
Haar Cascade,external_real_083.jpg,REAL,FAKE,0.7221177220344543,72.21177220344543,FALSE_POSITIVE (REAL->FAKE)
Haar Cascade,external_real_084.jpg,REAL,FAKE,0.847593367099762,84.7593367099762,FALSE_POSITIVE (REAL->FAKE)
Haar Cascade,external_real_085.jpg,REAL,FAKE,0.7518693208694458,75.18693208694458,FALSE_POSITIVE (REAL->FAKE)
Haar Cascade,external_real_086.jpg,REAL,FAKE,0.8333548307418823,83.33548307418823,FALSE_POSITIVE (REAL->FAKE)
Haar Cascade,external_real_087.jpg,REAL,UNSUPPORTED (NO FACE),,,DETECTION_MISS
Haar Cascade,external_real_088.jpg,REAL,UNSUPPORTED (NO FACE),,,DETECTION_MISS
Haar Cascade,external_real_089.jpg,REAL,UNSUPPORTED (NO FACE),,,DETECTION_MISS
Haar Cascade,external_real_090.jpg,REAL,FAKE,0.7927442789077759,79.27442789077759,FALSE_POSITIVE (REAL->FAKE)
Haar Cascade,external_real_091.jpg,REAL,FAKE,0.7911643385887146,79.11643385887146,FALSE_POSITIVE (REAL->FAKE)
Haar Cascade,external_real_092.jpg,REAL,FAKE,0.7294440865516663,72.94440865516663,FALSE_POSITIVE (REAL->FAKE)
Haar Cascade,external_real_093.jpg,REAL,FAKE,0.5819545984268188,58.195459842681885,FALSE_POSITIVE (REAL->FAKE)
Haar Cascade,external_real_094.jpg,REAL,FAKE,0.7076640725135803,70.76640725135803,FALSE_POSITIVE (REAL->FAKE)
Haar Cascade,external_fake_017.jpg,FAKE,REAL,0.38074541091918945,61.925458908081055,FALSE_NEGATIVE (FAKE->REAL)
Haar Cascade,external_fake_033.jpg,FAKE,REAL,0.46567508578300476,53.432491421699524,FALSE_NEGATIVE (FAKE->REAL)
Haar Cascade,external_fake_097.jpg,FAKE,REAL,0.4714568853378296,52.85431146621704,FALSE_NEGATIVE (FAKE->REAL)
OpenCV YuNet,external_real_000.jpg,REAL,FAKE,0.636741042137146,63.6741042137146,FALSE_POSITIVE (REAL->FAKE)
OpenCV YuNet,external_real_004.jpg,REAL,FAKE,0.589124858379364,58.9124858379364,FALSE_POSITIVE (REAL->FAKE)
OpenCV YuNet,external_real_005.jpg,REAL,FAKE,0.9142599701881409,91.42599701881409,FALSE_POSITIVE (REAL->FAKE)
OpenCV YuNet,external_real_006.jpg,REAL,FAKE,0.7896043658256531,78.96043658256531,FALSE_POSITIVE (REAL->FAKE)
OpenCV YuNet,external_real_007.jpg,REAL,FAKE,0.9056428074836731,90.56428074836731,FALSE_POSITIVE (REAL->FAKE)
OpenCV YuNet,external_real_008.jpg,REAL,FAKE,0.8611594438552856,86.11594438552856,FALSE_POSITIVE (REAL->FAKE)
OpenCV YuNet,external_real_009.jpg,REAL,FAKE,0.7064734697341919,70.64734697341919,FALSE_POSITIVE (REAL->FAKE)
OpenCV YuNet,external_real_010.jpg,REAL,FAKE,0.6313703060150146,63.137030601501465,FALSE_POSITIVE (REAL->FAKE)
OpenCV YuNet,external_real_011.jpg,REAL,FAKE,0.6875250935554504,68.75250935554504,FALSE_POSITIVE (REAL->FAKE)
OpenCV YuNet,external_real_012.jpg,REAL,FAKE,0.6385456323623657,63.85456323623657,FALSE_POSITIVE (REAL->FAKE)
OpenCV YuNet,external_real_013.jpg,REAL,FAKE,0.5575549006462097,55.75549006462097,FALSE_POSITIVE (REAL->FAKE)
OpenCV YuNet,external_real_014.jpg,REAL,FAKE,0.8420655131340027,84.20655131340027,FALSE_POSITIVE (REAL->FAKE)
OpenCV YuNet,external_real_017.jpg,REAL,FAKE,0.78091961145401,78.091961145401,FALSE_POSITIVE (REAL->FAKE)
OpenCV YuNet,external_real_018.jpg,REAL,FAKE,0.5342690944671631,53.42690944671631,FALSE_POSITIVE (REAL->FAKE)
OpenCV YuNet,external_real_019.jpg,REAL,FAKE,0.5485150814056396,54.851508140563965,FALSE_POSITIVE (REAL->FAKE)
OpenCV YuNet,external_real_020.jpg,REAL,FAKE,0.953899621963501,95.3899621963501,FALSE_POSITIVE (REAL->FAKE)
OpenCV YuNet,external_real_021.jpg,REAL,FAKE,0.9415246844291687,94.15246844291687,FALSE_POSITIVE (REAL->FAKE)
OpenCV YuNet,external_real_022.jpg,REAL,FAKE,0.9539644718170166,95.39644718170166,FALSE_POSITIVE (REAL->FAKE)
OpenCV YuNet,external_real_023.jpg,REAL,FAKE,0.9708909392356873,97.08909392356873,FALSE_POSITIVE (REAL->FAKE)
OpenCV YuNet,external_real_024.jpg,REAL,FAKE,0.9434834718704224,94.34834718704224,FALSE_POSITIVE (REAL->FAKE)
OpenCV YuNet,external_real_025.jpg,REAL,FAKE,0.749231219291687,74.9231219291687,FALSE_POSITIVE (REAL->FAKE)
OpenCV YuNet,external_real_026.jpg,REAL,FAKE,0.7457950115203857,74.57950115203857,FALSE_POSITIVE (REAL->FAKE)
OpenCV YuNet,external_real_027.jpg,REAL,FAKE,0.7067099213600159,70.67099213600159,FALSE_POSITIVE (REAL->FAKE)
OpenCV YuNet,external_real_028.jpg,REAL,FAKE,0.7369774580001831,73.69774580001831,FALSE_POSITIVE (REAL->FAKE)
OpenCV YuNet,external_real_029.jpg,REAL,FAKE,0.6097283959388733,60.97283959388733,FALSE_POSITIVE (REAL->FAKE)
OpenCV YuNet,external_real_030.jpg,REAL,FAKE,0.8810659050941467,88.10659050941467,FALSE_POSITIVE (REAL->FAKE)
OpenCV YuNet,external_real_031.jpg,REAL,FAKE,0.9304772019386292,93.04772019386292,FALSE_POSITIVE (REAL->FAKE)
OpenCV YuNet,external_real_032.jpg,REAL,FAKE,0.7474552989006042,74.74552989006042,FALSE_POSITIVE (REAL->FAKE)
OpenCV YuNet,external_real_033.jpg,REAL,FAKE,0.7866104245185852,78.66104245185852,FALSE_POSITIVE (REAL->FAKE)
OpenCV YuNet,external_real_034.jpg,REAL,FAKE,0.8583980798721313,85.83980798721313,FALSE_POSITIVE (REAL->FAKE)
OpenCV YuNet,external_real_035.jpg,REAL,FAKE,0.9227513670921326,92.27513670921326,FALSE_POSITIVE (REAL->FAKE)
OpenCV YuNet,external_real_036.jpg,REAL,FAKE,0.7721696496009827,77.21696496009827,FALSE_POSITIVE (REAL->FAKE)
OpenCV YuNet,external_real_037.jpg,REAL,FAKE,0.8284355998039246,82.84355998039246,FALSE_POSITIVE (REAL->FAKE)
OpenCV YuNet,external_real_038.jpg,REAL,FAKE,0.8740959167480469,87.40959167480469,FALSE_POSITIVE (REAL->FAKE)
OpenCV YuNet,external_real_039.jpg,REAL,FAKE,0.8543930053710938,85.43930053710938,FALSE_POSITIVE (REAL->FAKE)
OpenCV YuNet,external_real_040.jpg,REAL,FAKE,0.692867636680603,69.2867636680603,FALSE_POSITIVE (REAL->FAKE)
OpenCV YuNet,external_real_041.jpg,REAL,FAKE,0.7176493406295776,71.76493406295776,FALSE_POSITIVE (REAL->FAKE)
OpenCV YuNet,external_real_042.jpg,REAL,FAKE,0.7227404117584229,72.27404117584229,FALSE_POSITIVE (REAL->FAKE)
OpenCV YuNet,external_real_043.jpg,REAL,FAKE,0.7243596315383911,72.43596315383911,FALSE_POSITIVE (REAL->FAKE)
OpenCV YuNet,external_real_044.jpg,REAL,FAKE,0.7564663887023926,75.64663887023926,FALSE_POSITIVE (REAL->FAKE)
OpenCV YuNet,external_real_045.jpg,REAL,FAKE,0.8465448021888733,84.65448021888733,FALSE_POSITIVE (REAL->FAKE)
OpenCV YuNet,external_real_046.jpg,REAL,FAKE,0.8550721406936646,85.50721406936646,FALSE_POSITIVE (REAL->FAKE)
OpenCV YuNet,external_real_047.jpg,REAL,FAKE,0.9308226704597473,93.08226704597473,FALSE_POSITIVE (REAL->FAKE)
OpenCV YuNet,external_real_048.jpg,REAL,FAKE,0.9201224446296692,92.01224446296692,FALSE_POSITIVE (REAL->FAKE)
OpenCV YuNet,external_real_049.jpg,REAL,FAKE,0.9009812474250793,90.09812474250793,FALSE_POSITIVE (REAL->FAKE)
OpenCV YuNet,external_real_050.jpg,REAL,FAKE,0.7474799752235413,74.74799752235413,FALSE_POSITIVE (REAL->FAKE)
OpenCV YuNet,external_real_051.jpg,REAL,FAKE,0.7345104813575745,73.45104813575745,FALSE_POSITIVE (REAL->FAKE)
OpenCV YuNet,external_real_052.jpg,REAL,FAKE,0.6059474945068359,60.594749450683594,FALSE_POSITIVE (REAL->FAKE)
OpenCV YuNet,external_real_053.jpg,REAL,FAKE,0.597100019454956,59.710001945495605,FALSE_POSITIVE (REAL->FAKE)
OpenCV YuNet,external_real_054.jpg,REAL,FAKE,0.781946063041687,78.1946063041687,FALSE_POSITIVE (REAL->FAKE)
OpenCV YuNet,external_real_055.jpg,REAL,FAKE,0.823062002658844,82.3062002658844,FALSE_POSITIVE (REAL->FAKE)
OpenCV YuNet,external_real_056.jpg,REAL,FAKE,0.9373734593391418,93.73734593391418,FALSE_POSITIVE (REAL->FAKE)
OpenCV YuNet,external_real_057.jpg,REAL,FAKE,0.8621216416358948,86.21216416358948,FALSE_POSITIVE (REAL->FAKE)
OpenCV YuNet,external_real_058.jpg,REAL,FAKE,0.6038281917572021,60.382819175720215,FALSE_POSITIVE (REAL->FAKE)
OpenCV YuNet,external_real_059.jpg,REAL,FAKE,0.8566346764564514,85.66346764564514,FALSE_POSITIVE (REAL->FAKE)
OpenCV YuNet,external_real_060.jpg,REAL,FAKE,0.9157020449638367,91.57020449638367,FALSE_POSITIVE (REAL->FAKE)
OpenCV YuNet,external_real_061.jpg,REAL,FAKE,0.6594901084899902,65.94901084899902,FALSE_POSITIVE (REAL->FAKE)
OpenCV YuNet,external_real_062.jpg,REAL,FAKE,0.9288125038146973,92.88125038146973,FALSE_POSITIVE (REAL->FAKE)
OpenCV YuNet,external_real_063.jpg,REAL,FAKE,0.9133991003036499,91.33991003036499,FALSE_POSITIVE (REAL->FAKE)
OpenCV YuNet,external_real_064.jpg,REAL,FAKE,0.9640758633613586,96.40758633613586,FALSE_POSITIVE (REAL->FAKE)
OpenCV YuNet,external_real_065.jpg,REAL,FAKE,0.8585808277130127,85.85808277130127,FALSE_POSITIVE (REAL->FAKE)
OpenCV YuNet,external_real_066.jpg,REAL,FAKE,0.782576322555542,78.2576322555542,FALSE_POSITIVE (REAL->FAKE)
OpenCV YuNet,external_real_067.jpg,REAL,FAKE,0.8280535936355591,82.80535936355591,FALSE_POSITIVE (REAL->FAKE)
OpenCV YuNet,external_real_068.jpg,REAL,FAKE,0.8526706695556641,85.2670669555664,FALSE_POSITIVE (REAL->FAKE)
OpenCV YuNet,external_real_069.jpg,REAL,FAKE,0.7957870960235596,79.57870960235596,FALSE_POSITIVE (REAL->FAKE)
OpenCV YuNet,external_real_071.jpg,REAL,FAKE,0.5567289590835571,55.67289590835571,FALSE_POSITIVE (REAL->FAKE)
OpenCV YuNet,external_real_072.jpg,REAL,FAKE,0.7163131237030029,71.6313123703003,FALSE_POSITIVE (REAL->FAKE)
OpenCV YuNet,external_real_073.jpg,REAL,FAKE,0.7684263586997986,76.84263586997986,FALSE_POSITIVE (REAL->FAKE)
OpenCV YuNet,external_real_074.jpg,REAL,FAKE,0.5094637870788574,50.94637870788574,FALSE_POSITIVE (REAL->FAKE)
OpenCV YuNet,external_real_075.jpg,REAL,FAKE,0.7056117057800293,70.56117057800293,FALSE_POSITIVE (REAL->FAKE)
OpenCV YuNet,external_real_077.jpg,REAL,FAKE,0.617428183555603,61.7428183555603,FALSE_POSITIVE (REAL->FAKE)
OpenCV YuNet,external_real_078.jpg,REAL,FAKE,0.7406867742538452,74.06867742538452,FALSE_POSITIVE (REAL->FAKE)
OpenCV YuNet,external_real_080.jpg,REAL,FAKE,0.7192181944847107,71.92181944847107,FALSE_POSITIVE (REAL->FAKE)
OpenCV YuNet,external_real_081.jpg,REAL,FAKE,0.6638378500938416,66.38378500938416,FALSE_POSITIVE (REAL->FAKE)
OpenCV YuNet,external_real_082.jpg,REAL,FAKE,0.7393432855606079,73.93432855606079,FALSE_POSITIVE (REAL->FAKE)
OpenCV YuNet,external_real_083.jpg,REAL,FAKE,0.7347928285598755,73.47928285598755,FALSE_POSITIVE (REAL->FAKE)
OpenCV YuNet,external_real_084.jpg,REAL,FAKE,0.8290334343910217,82.90334343910217,FALSE_POSITIVE (REAL->FAKE)
OpenCV YuNet,external_real_085.jpg,REAL,FAKE,0.9087891578674316,90.87891578674316,FALSE_POSITIVE (REAL->FAKE)
OpenCV YuNet,external_real_086.jpg,REAL,FAKE,0.8026512265205383,80.26512265205383,FALSE_POSITIVE (REAL->FAKE)
OpenCV YuNet,external_real_087.jpg,REAL,FAKE,0.719722330570221,71.9722330570221,FALSE_POSITIVE (REAL->FAKE)
OpenCV YuNet,external_real_088.jpg,REAL,FAKE,0.7870538830757141,78.70538830757141,FALSE_POSITIVE (REAL->FAKE)
OpenCV YuNet,external_real_089.jpg,REAL,FAKE,0.6309902667999268,63.099026679992676,FALSE_POSITIVE (REAL->FAKE)
OpenCV YuNet,external_real_090.jpg,REAL,FAKE,0.8101017475128174,81.01017475128174,FALSE_POSITIVE (REAL->FAKE)
OpenCV YuNet,external_real_091.jpg,REAL,FAKE,0.8251473307609558,82.51473307609558,FALSE_POSITIVE (REAL->FAKE)
OpenCV YuNet,external_real_092.jpg,REAL,FAKE,0.7737292051315308,77.37292051315308,FALSE_POSITIVE (REAL->FAKE)
OpenCV YuNet,external_real_093.jpg,REAL,FAKE,0.7608813047409058,76.08813047409058,FALSE_POSITIVE (REAL->FAKE)
OpenCV YuNet,external_real_094.jpg,REAL,FAKE,0.6973748803138733,69.73748803138733,FALSE_POSITIVE (REAL->FAKE)
OpenCV YuNet,external_real_099.jpg,REAL,FAKE,0.576786458492279,57.678645849227905,FALSE_POSITIVE (REAL->FAKE)
OpenCV YuNet,external_fake_002.jpg,FAKE,REAL,0.44794926047325134,55.205073952674866,FALSE_NEGATIVE (FAKE->REAL)
OpenCV YuNet,external_fake_003.jpg,FAKE,REAL,0.4099908769130707,59.00091230869293,FALSE_NEGATIVE (FAKE->REAL)
OpenCV YuNet,external_fake_007.jpg,FAKE,REAL,0.49958357214927673,50.04164278507233,FALSE_NEGATIVE (FAKE->REAL)
OpenCV YuNet,external_fake_008.jpg,FAKE,REAL,0.3740580081939697,62.59419918060303,FALSE_NEGATIVE (FAKE->REAL)
OpenCV YuNet,external_fake_022.jpg,FAKE,REAL,0.33899858593940735,66.10014140605927,FALSE_NEGATIVE (FAKE->REAL)
OpenCV YuNet,external_fake_023.jpg,FAKE,REAL,0.47877734899520874,52.122265100479126,FALSE_NEGATIVE (FAKE->REAL)
OpenCV YuNet,external_fake_028.jpg,FAKE,REAL,0.4504833221435547,54.95166778564453,FALSE_NEGATIVE (FAKE->REAL)
OpenCV YuNet,external_fake_033.jpg,FAKE,REAL,0.42569074034690857,57.43092596530914,FALSE_NEGATIVE (FAKE->REAL)
OpenCV YuNet,external_fake_034.jpg,FAKE,REAL,0.36196333169937134,63.803666830062866,FALSE_NEGATIVE (FAKE->REAL)
OpenCV YuNet,external_fake_047.jpg,FAKE,REAL,0.4356279969215393,56.43720030784607,FALSE_NEGATIVE (FAKE->REAL)
OpenCV YuNet,external_fake_048.jpg,FAKE,REAL,0.4564359188079834,54.35640811920166,FALSE_NEGATIVE (FAKE->REAL)
OpenCV YuNet,external_fake_052.jpg,FAKE,REAL,0.4670671820640564,53.29328179359436,FALSE_NEGATIVE (FAKE->REAL)
OpenCV YuNet,external_fake_053.jpg,FAKE,REAL,0.3568878769874573,64.31121230125427,FALSE_NEGATIVE (FAKE->REAL)
OpenCV YuNet,external_fake_057.jpg,FAKE,REAL,0.43377915024757385,56.622084975242615,FALSE_NEGATIVE (FAKE->REAL)
OpenCV YuNet,external_fake_061.jpg,FAKE,REAL,0.4012971818447113,59.87028181552887,FALSE_NEGATIVE (FAKE->REAL)
OpenCV YuNet,external_fake_066.jpg,FAKE,REAL,0.47214844822883606,52.785155177116394,FALSE_NEGATIVE (FAKE->REAL)
OpenCV YuNet,external_fake_067.jpg,FAKE,REAL,0.40027451515197754,59.972548484802246,FALSE_NEGATIVE (FAKE->REAL)
OpenCV YuNet,external_fake_069.jpg,FAKE,REAL,0.4941335916519165,50.58664083480835,FALSE_NEGATIVE (FAKE->REAL)
OpenCV YuNet,external_fake_071.jpg,FAKE,REAL,0.47232183814048767,52.76781618595123,FALSE_NEGATIVE (FAKE->REAL)
OpenCV YuNet,external_fake_082.jpg,FAKE,REAL,0.4229177236557007,57.70822763442993,FALSE_NEGATIVE (FAKE->REAL)
OpenCV YuNet,external_fake_083.jpg,FAKE,REAL,0.47371214628219604,52.628785371780396,FALSE_NEGATIVE (FAKE->REAL)
OpenCV YuNet,external_fake_085.jpg,FAKE,REAL,0.38212889432907104,61.787110567092896,FALSE_NEGATIVE (FAKE->REAL)
OpenCV YuNet,external_fake_088.jpg,FAKE,REAL,0.46739622950553894,53.260377049446106,FALSE_NEGATIVE (FAKE->REAL)
OpenCV YuNet,external_fake_092.jpg,FAKE,REAL,0.4606802463531494,53.93197536468506,FALSE_NEGATIVE (FAKE->REAL)
OpenCV YuNet,external_fake_095.jpg,FAKE,REAL,0.44487544894218445,55.512455105781555,FALSE_NEGATIVE (FAKE->REAL)
OpenCV YuNet,external_fake_097.jpg,FAKE,REAL,0.38832876086235046,61.167123913764954,FALSE_NEGATIVE (FAKE->REAL)
