threshold,is_production,accuracy,precision,recall,specificity,f1_score,fpr,fnr,tp,fp,tn,fn
0.5,True,0.88,1.0,0.76,1.0,0.8636363636363636,0.0,0.24,38,0,50,12
0.55,False,0.88,1.0,0.76,1.0,0.8636363636363636,0.0,0.24,38,0,50,12
0.6,False,0.87,1.0,0.74,1.0,0.8505747126436781,0.0,0.26,37,0,50,13
0.65,False,0.85,1.0,0.7,1.0,0.8235294117647058,0.0,0.3,35,0,50,15
0.7,False,0.83,1.0,0.66,1.0,0.7951807228915663,0.0,0.34,33,0,50,17
0.75,False,0.82,1.0,0.64,1.0,0.7804878048780488,0.0,0.36,32,0,50,18
0.8,False,0.8,1.0,0.6,1.0,0.75,0.0,0.4,30,0,50,20
0.85,False,0.77,1.0,0.54,1.0,0.7012987012987013,0.0,0.46,27,0,50,23
0.9,False,0.72,1.0,0.44,1.0,0.6111111111111112,0.0,0.56,22,0,50,28
